,0,1,2,3,4,5,6,7,8,9,10,11,12,13,14,15,16,17,18,19,20,21,22,23,24,25,26,27,28,29,30,31,32,33,34,35,36,37,38,39,40,41,42,43
Adm. Emp.,-1.1357731,-0.3867169,-0.028215267,-0.6932988,-1.1618634,0.30474764,-0.8384001,-0.39870906,1.2653059,-1.793257,1.7118633,0.79236895,1.2197423,2.0886767,0.38277525,-1.4661562,-0.78883004,1.3791609,-0.30578128,1.5678068,-1.3974302,0.6013921,0.0129556665,0.72092736,0.061725445,1.638014,1.3674982,-0.9166373,-0.095343135,1.4553411,0.027423171,-0.0095458,-0.6441062,1.3418608,1.046288,-2.2148523,1.3240244,-1.3502251,-1.180405,-0.5074473,1.9571452,2.7570512,-1.1924107,1.9035246
Adm. Riesgos,0.19730815,-0.9304248,-0.5469045,1.1187131,-0.60304356,-0.038750675,-0.99018395,-1.552458,1.3952633,-1.6760981,-0.031951007,-2.9874043,-0.15872608,-1.6664183,1.439667,2.103408,-0.949912,0.19743997,-0.6662375,-0.9700917,1.0241318,-0.015936116,1.9066774,-0.86939037,-0.37370473,-0.35253155,-0.18518545,-0.4107917,0.2530024,0.1766679,0.72985154,-0.4422439,-0.16611841,-0.4448697,-0.042904273,0.6920362,-0.14022519,0.029674225,0.29613894,0.8769348,-0.16179687,0.32781026,0.45333114,0.5442268
Adm. Salud,1.6605567,-0.6875591,-0.83280444,0.9326518,0.70238745,0.3026338,-0.46465713,0.82436734,0.3044081,0.8956667,0.37119126,-1.7067876,0.8055894,-1.1101089,0.56874967,1.1612225,-0.9062051,0.60864437,1.3687211,0.19933578,0.3592214,-1.0043341,1.1752568,-2.3038735,-0.62323445,-0.49012408,1.1532786,-0.10819903,-1.5216895,-0.30477417,0.4302803,-1.3529916,1.2234001,-0.2699808,0.08517569,-0.41529554,0.2250584,1.2558043,0.8145317,1.5136895,-2.1513836,0.76875067,1.1110524,0.32740942
Admon Fin.,-0.15356056,-0.44003874,0.5306165,-0.38620004,0.571688,-0.17711717,-0.5774485,-0.338792,0.09450811,-0.5609857,1.3069314,-0.4338805,-0.12967457,0.8601144,0.32927644,0.8255466,-1.6567699,0.33316815,-0.82683945,-0.6006975,0.223887,0.34884623,0.41510436,0.2646649,-0.22923222,0.03868883,-0.35416034,0.6078002,-0.10308009,0.10353253,-0.07262031,-0.36458707,0.32148394,0.15366212,-0.402665,-0.14711554,-0.07028866,-0.4934357,-0.175018,0.7164866,0.54823565,1.3400868,0.33321577,0.038521327
Alim. Y Nut. Salud,0.6282652,0.06299952,0.018534767,0.20870015,0.5342136,-0.28798324,1.0931098,0.11401116,-0.31019884,0.0065885866,0.088657126,0.15723859,0.12517495,0.51109684,-0.2755953,0.5322693,-0.10271087,-0.49547276,-0.41946226,-0.2163069,0.778099,1.1970392,0.089286156,-0.5828491,0.8955519,-0.4102982,-0.06632329,0.84758246,-0.11083279,-0.004341418,0.7436557,0.18262811,-0.8490867,-0.42556396,-0.14259624,-0.021873817,0.910792,-0.1287888,-0.04019899,-0.46578857,-0.061133787,0.03090483,-0.9545031,-0.45024896
B. I.,-0.20113872,-0.9590199,0.09832421,0.34222934,1.2171024,-0.77279586,-0.47456956,-0.25518358,1.530276,-0.14868028,-0.98643446,0.51561296,-0.0030859264,-0.21204379,-0.30844423,0.12225218,0.9711757,-0.9436899,-0.060833313,0.1715686,0.6039731,-0.12866022,-1.0320079,0.27013785,-0.97147214,-0.045877676,-0.42005128,-0.08213416,0.04797238,-0.70095336,0.44132257,0.49104813,-0.19820793,0.001060823,1.0486599,-0.64106935,-0.52864623,0.70610434,0.7158778,-1.7935553,-1.4049774,-0.6654246,-0.96501744,0.043190364
Bien. Salud y Calidad,0.45411927,-0.35718232,0.80059266,-0.38980833,-0.7392157,0.21071196,0.7023026,0.115159914,1.0717216,-0.10896376,0.14690556,-1.1045198,-0.028726228,-0.04228956,0.11549852,0.13799675,-0.14589722,-0.6927674,-0.26598778,0.45555383,0.58190536,1.1756767,0.4490723,-1.1923921,-0.15218012,-0.5290834,0.006099491,-0.7515813,0.20767753,0.15300399,-0.93990433,0.85507584,-0.3786893,0.22993267,-0.10971527,0.3925472,-0.30550992,1.0904355,0.2943689,0.42617172,-0.14144748,-0.7006592,0.89547503,-0.89005685
Big Data,-0.1261727,-0.024271747,-0.78583276,0.35597274,-0.4406362,0.034872785,-0.9647813,0.97287786,1.0368942,1.1029519,0.45585352,-0.27971655,0.3579168,0.72341037,-1.0396963,-0.17876865,-0.5762058,0.23522507,-0.34074414,0.83395815,-1.0796453,-0.3060664,-0.6236344,0.48513642,-0.6039204,0.30530825,0.047478043,-0.74144304,0.8534236,-0.4057508,-0.12761903,-0.6947009,-0.15780556,0.41460946,-0.30065608,-0.8616422,0.26727456,-0.41584024,0.4623944,0.3470093,-0.48275465,0.61566293,-1.773765,-0.5843545
Big Data en Edu,-1.0423357,0.40466633,-1.5691767,-1.7834291,-0.962544,-0.30445057,1.1792839,0.01300446,0.57410896,0.8281698,1.267729,0.82931936,-0.7215545,3.5605254,-2.6058857,0.7335185,-0.040491115,-0.72836465,-1.4188821,-0.5731948,-1.0373465,-0.8993001,-1.1791521,1.1474239,-0.045117863,1.1435882,1.3138599,-0.8962005,1.645745,-1.3459213,-1.7296654,1.8651053,0.1806378,1.2565172,-2.1235597,-2.1327264,2.1185412,-0.93849367,-0.53294945,-2.422241,3.3230174,-0.7250202,-1.4658786,0.17841193
Blockchain,-0.41972023,2.2686465,-1.1351538,1.1176511,-1.0599058,0.42030042,-0.87284184,2.472605,-0.30921212,-0.65039873,1.4178439,-0.15703756,1.3150861,-1.8228891,0.80781865,-0.11847869,-0.74460214,-1.7339778,0.46955174,0.83980966,-1.7309248,0.9985729,-0.040878184,-0.71792305,-1.1652907,-1.7219456,-1.081612,1.2282901,0.17369168,1.0316944,-0.12189013,-1.5751371,1.9983912,2.2359586,-1.2988207,-0.1688768,-1.1201382,-1.350507,-0.6372361,1.2942094,1.6510649,0.34508154,-0.021086458,2.9657004
Bus. Analytics,-0.026384352,0.838323,0.20476183,0.35319,1.2925011,0.59467834,-1.5880519,1.1181619,-0.3857103,0.41053617,-0.22112726,-0.0708754,0.28345755,-0.28149375,-1.1963851,0.398058,-0.2128757,0.18833548,-0.36225575,-0.3720948,0.8477831,0.0863172,0.88304603,0.13565263,0.036711965,0.017254865,0.049474742,-0.0013613543,-1.4750497,0.0011187121,-1.562092,-0.15605345,-0.049110245,0.05321373,0.1497927,0.88660693,0.093713716,0.111038856,0.080368355,-0.065337345,-0.3521799,-0.041408278,-0.49665284,-0.04711938
Calidad Educativa,1.0792515,-0.9809231,1.1363314,-0.22170849,-2.0060055,-0.27089483,-0.8053355,-1.0240173,1.1841432,-0.48034954,-2.0247006,-1.0797211,0.20300782,-0.5800441,0.23799944,0.6928088,0.14204016,0.922818,0.23628524,-0.28217435,1.1447245,-0.10036336,-0.38581082,1.1735383,0.9570964,0.15513447,-1.2434926,-0.6805542,0.7440898,0.24760088,1.0077988,1.8028132,0.0031185027,0.07092742,2.182913,0.39559862,0.38064316,2.5436888,-0.52985656,-0.6354665,-1.4031239,0.19586809,0.9083433,0.174053
Ciberseguridad,-0.40550205,0.38238993,0.21230674,2.185674,1.7274402,0.5048644,-0.4391963,1.5696527,0.556641,-0.1952133,-0.7314616,2.2217817,-1.0914733,-1.6340742,0.30450568,-1.4547454,-2.67732,-0.66491526,0.36022213,1.3313136,-1.2290798,-0.44014364,0.07476787,1.5614021,0.12832268,0.29077142,-0.7373648,0.59325105,-0.2446473,-0.001296415,-1.7869455,-2.0582473,-0.6886337,1.2069107,-1.6079943,-3.1152062,-0.281011,-0.84084225,0.8251532,0.58011925,1.2612299,0.8091794,-0.5387678,0.8347518
Cloud Computing,-2.6948802,-0.8854002,-1.0372821,0.014065951,0.36932838,0.66552883,1.2998875,-0.11414676,-0.03303203,0.21893623,0.6913321,1.2165786,1.4839612,-2.0681086,-1.2592086,-0.6412382,-0.54533464,0.39599237,-1.197395,1.6960453,-1.0909584,2.7314026,0.43403128,0.7265267,-1.3385388,1.8654876,-0.829609,-1.1413738,0.105302885,-0.04070926,0.39411637,-0.7463879,-2.7851136,1.9339048,-0.641837,-0.17428102,1.0070573,-1.8554394,-1.177022,-0.10281436,-1.6216536,0.20712343,-1.1032894,1.4738854
Coaching Edu.,-0.8063287,1.4195188,-0.16048492,-1.9823133,1.1982847,0.44340235,2.1158957,-0.7634887,-0.90842634,0.4358173,3.0637743,0.82364804,-2.4394124,1.1683019,-3.5098357,-1.7006123,-1.4402939,-0.6465194,-2.528837,-1.3523507,-0.40644988,1.1757271,-1.8540227,1.516459,1.3043176,2.2822082,2.9035046,-0.7544991,3.0244896,0.48998487,-0.35110176,2.188393,-1.1052899,-1.9483222,1.6708069,-1.3557758,-1.6068829,2.0107696,-4.258774,-1.5750009,4.072033,-2.355244,-1.1353643,1.1382095
Coaching de Vida,-0.31486985,1.796153,0.2571044,0.27732125,1.3874671,1.1796117,-0.48836714,0.84457594,-0.32332522,0.99104017,-0.62244856,0.21149538,-0.1785806,-0.21955545,-1.604752,-1.3278445,-0.51889354,-1.4100624,-0.36408484,0.6087021,-1.0980208,-0.666194,-1.9477834,-1.3278785,1.3727422,0.20958981,-2.3387892,0.332394,-1.3337662,-0.25554806,-0.171304,-0.2860738,-0.97918516,0.28756452,-0.4393003,-1.0970186,0.88343567,-0.59109664,1.1017876,1.9599468,-0.19792517,0.44144222,-1.5378038,1.2415076
Com. Corp.,-0.99416137,0.10599978,-0.708584,2.1708426,1.9826359,0.933156,-1.0966222,1.2099776,-0.7378763,-0.30910277,-1.4404393,0.20791838,0.997909,0.18255569,-0.67345464,-0.49586087,0.014584384,-1.4600667,1.8990275,0.15505347,0.017972445,-0.7332133,-1.1099104,-0.49070886,-0.20106363,0.40970635,-1.037422,0.37985128,-0.826625,0.41322023,-1.7481364,0.17602065,0.20353119,0.46565813,-1.308163,-1.1416909,-1.364877,-1.1664716,0.7320468,0.6754158,0.9751434,-0.26269305,-0.23798093,-0.42622972
Comp. Dig. Docentes,0.14799708,-0.4008498,-0.07616325,-0.25200054,1.8122454,-0.26300037,0.7268502,0.9758484,0.3943101,-0.259925,-1.7542224,-0.73400825,-0.16191737,-0.30504832,-0.0977336,0.83732426,1.146351,-0.003635873,0.8423446,0.187949,0.6885194,-0.43003622,0.26948035,-0.44657025,0.23564845,-0.73935634,0.55165714,0.5687751,0.46996325,0.21220426,0.75696075,-0.6725926,1.3241621,-0.3091989,-0.1334663,0.61368746,-0.6065683,0.13345729,0.95088786,0.236158,-0.15523174,-0.8109195,-1.0116122,-0.48487702
Comp. Directivas,-0.81780607,-0.28768137,-0.5107608,0.56624335,-0.32808238,0.4885898,-0.08074249,-0.19831322,-0.11845564,1.2013304,-0.19580999,0.13896371,-0.64190984,0.93454546,-0.6909732,-0.323291,-0.4545962,-0.679392,-0.06823127,0.4265592,0.3158239,-1.024361,-0.6661165,0.42367887,0.10632083,-0.09550139,-1.2222729,0.3854753,-0.19514324,-1.2342417,-0.77677584,0.2651664,-0.09962859,0.7668798,-0.35967055,-0.060266424,-0.03117551,0.6103527,0.6566172,-0.16374288,0.16409741,-0.3693275,-0.7607559,-0.6975076
Comp. Doc. S XXI,1.1234953,-1.2315968,-0.036895983,-0.05009905,-0.14883432,0.24632446,0.22088805,-1.6916639,-0.0434552,-0.7943909,-1.4889491,-1.6057452,-0.04593394,-0.20244214,0.7707636,1.8618314,0.58567953,-0.00027146225,0.18853036,-0.720742,0.14352177,-1.2926797,0.5750537,0.12046272,0.28846025,-0.036154408,0.632811,0.68637997,-0.2658174,0.9839811,1.1085808,0.9435177,1.3740398,-1.2995808,0.40180507,0.7672633,0.106496856,0.93795323,-0.9198511,-0.096903205,-1.4091933,-1.4263201,-0.34843427,-1.0687765
Crianza Hijos,0.9406075,0.9324375,-0.8095534,0.4415116,0.3566997,1.5334997,0.5926654,1.8411723,1.7865976,0.13230287,0.927415,1.0990872,1.2340516,0.3728687,-1.349135,0.041761328,0.8322272,-0.4623988,0.89045066,0.06783844,0.2872446,0.16713199,-0.63211566,-1.0823144,0.7409271,1.668457,0.29393667,-0.2225418,0.13752049,1.3864642,0.2714163,-0.0036970153,0.21449634,0.5077136,-0.38545597,-0.09178818,2.0212774,0.13270226,-0.8863193,0.029066546,0.92166847,0.20749597,0.5060455,0.985765
Dere. Sanitario,0.56868875,-1.2213038,0.30321792,-0.8005022,-0.8908603,-0.2286696,0.68116945,-0.867371,0.37347344,-1.0513674,-1.5401862,-0.2984714,-0.24205334,-0.37313727,-0.73196995,1.0391572,-0.8268721,0.9633969,-0.38744575,-0.5653801,-0.26473442,-0.14412723,-0.14824179,0.14469501,-0.2161309,0.09877248,-0.30703527,1.1830739,0.87359494,-1.2273942,0.7730894,1.2045021,0.019262744,-0.952915,1.1631981,-0.07160822,0.15761837,1.5297755,0.67271996,-0.7106217,-0.43203738,-1.3804146,-0.33987394,0.15942858
Des. Cap. Hum.,1.1482153,0.42987528,-0.8453637,2.286039,-1.1391674,1.3480603,-1.1602865,1.0949125,-0.15695558,1.9010856,-0.3292272,-1.0572276,-0.66919667,-2.2070737,-0.19796553,1.480171,-0.36914504,-0.758035,-0.28452796,-0.72345126,-1.3212599,0.91795087,1.5612141,-2.4328153,-0.50495195,-1.3453772,0.4875897,0.27983537,-0.55836946,1.0616702,0.5582828,-1.32849,1.0113968,-1.360359,-1.2875471,0.84100384,-0.72704935,-0.50568813,-0.10268206,1.2438908,-0.2952363,1.3626351,0.15763232,1.2250359
Des. Neg. y Empren.,0.093375765,-0.8135071,0.54691344,-0.58984303,-0.6482774,-0.73942214,0.46239153,0.31289265,0.31298676,-1.0743146,-0.8961396,-0.15062615,-0.15388682,0.3478009,0.3100665,0.06555069,1.0183909,0.06366196,-0.1840811,-0.5994353,1.1351147,-1.3942959,-0.17620593,-0.743191,0.7485596,-1.3229644,-0.42993996,0.43650317,0.34589785,0.22665457,-0.2511848,0.020095916,-0.27744958,-1.6762438,1.0210818,0.68049574,0.023773402,0.2625526,0.2027632,-0.60252506,-0.91940945,-1.6559665,-0.9948627,-0.1361495
Des. Videojuegos,0.13339299,0.15155242,1.0464817,-1.3687745,-0.4119958,-0.03689167,-1.6308626,-0.5588083,-0.594148,-0.48258466,0.8111538,-0.33514774,-0.081030294,-0.19386682,-0.026801469,-2.1993392,-1.3832868,-0.4479059,-2.026876,-0.16011524,-1.50764,-0.23171222,-0.526521,1.2396187,-0.6013431,1.6425418,0.026179396,-0.76037997,1.8275992,0.07454553,1.0498567,1.8410668,-2.178172,0.9944208,2.378949,-0.1988194,-0.057819657,0.79936486,-2.7362254,-0.9948601,1.4274834,0.4343977,-0.26072693,1.2044256
Desarrollo Mot.,2.16754,1.7477429,0.21197885,-0.6707306,0.61418885,-1.6072767,-1.3862629,-1.1675627,1.2984337,0.08603127,0.9170123,-2.1593852,-0.14306319,-1.969545,2.565124,0.5162189,1.3169365,2.342201,0.087590285,-0.13185783,0.31414643,0.44146627,1.7135057,-1.6729016,-1.0448288,-0.08001376,1.2430713,-0.41147074,-1.3092002,1.1014255,0.050062496,0.2902748,0.88644856,-0.20785488,-0.47234565,0.8728751,-0.2440609,0.09686457,-1.0430261,1.3260517,0.98227054,0.82731265,2.05714,0.35751963
Design Think,0.61590815,-1.0476098,0.16394949,-1.3702835,0.023494598,-0.24768415,1.1439184,0.55858445,-0.8661703,-1.0318623,-0.21574979,-1.087489,-0.6458969,0.012449967,-0.69899666,-0.16366306,1.8463967,-0.6483667,-1.5497736,0.100813106,-0.4862286,0.68924594,-1.0410835,-0.41609165,0.75386465,0.69863224,0.89676774,0.7186208,0.8968772,0.12876403,-0.87318254,1.2246363,-2.105179,0.5241412,0.7419413,-0.7692801,0.52807957,-0.11733178,-0.020619657,-0.675662,1.0345895,-1.0999523,-0.23801723,-0.15940307
Diagn. Psicoped.,0.996155,-1.4598854,-0.10548493,0.07052712,-0.84371525,-0.649065,0.09378518,-0.08758362,1.4414475,-1.4586588,0.020540886,-0.39551252,-1.1853356,0.85269797,0.47411326,0.3264514,1.1032658,0.07225428,0.35786644,-0.6651849,-0.101259634,-1.2912335,1.1346867,-0.73651654,-0.20407139,-1.8374866,-0.28790504,-0.1847049,-0.015427393,0.4112871,-0.17899239,0.3744169,1.6404347,0.031101875,0.5316143,1.4494965,0.41507357,1.3980426,0.57322,-0.42068705,-0.0013847947,-0.13664559,0.53294367,0.47409302
Direc. Emp. Fam.,0.4337982,-1.8735964,1.1355431,-0.74885404,-1.3989708,-0.11935273,-0.24910009,-1.7691708,0.015069875,-0.15067774,-0.24843068,0.19440936,-1.9028558,0.49553177,-0.03175135,-1.6546788,-1.1242913,-0.95321864,0.29086655,-0.5405007,-0.2711142,-0.61908484,-1.4535762,0.7641437,1.2970314,1.3480889,0.029941518,0.29260558,1.2170477,-1.1788518,0.26233405,1.9302852,-1.8460162,-2.3935392,1.1226263,-0.687196,1.4192423,-0.25864404,-0.48635757,-1.2516187,1.3970457,-0.5758209,-0.14409822,-0.026725529
Direc. Estrat. Neg,0.14805456,-0.49431854,-0.47209287,-0.8298135,-1.0482634,-1.2402569,0.9750929,0.070445925,0.06468758,0.41138372,-0.17815174,-0.007319967,0.25672883,0.48594052,0.6149602,-1.5773934,-0.20266752,0.16098139,-0.21338597,-1.4290857,0.6099593,-0.01594492,-0.2670236,0.102878325,-0.6396575,-0.12561099,-0.17802893,0.80784416,0.890335,-0.4460272,1.6006049,0.8388247,-0.62964493,0.010594281,1.0854625,-0.47419006,-0.11540246,1.6556823,0.014638469,0.2718919,0.0044097174,-0.13121799,-0.9574521,-0.13909209
Direc. Proy.,-0.32668585,-0.732612,-0.54924804,0.015776204,0.41101095,0.6475841,-0.86717266,-0.63861626,0.37216857,-1.7019914,-0.8216254,0.67445,0.71280265,-0.48612112,0.070171095,0.033368926,-0.44398907,1.466598,-0.51764715,-0.7298015,0.14368208,-0.06898027,0.72752875,-0.35198602,0.68586415,-0.65600795,0.113177575,-0.7926969,-0.16928057,0.21510881,0.56597066,-0.5053419,0.57384896,0.87106353,0.18057889,0.6150947,-1.7421329,-0.652159,0.08051798,-0.24916473,-0.46693122,-0.46772107,-0.1296321,0.72705394
Disc. Formativa,-0.42161432,-0.16933754,0.8612919,-0.82258904,0.2627986,0.046088375,-0.368033,0.04865629,-0.48543698,-1.0318471,-0.1277816,-0.48621765,-0.34679878,-1.0606515,-0.32714847,-0.37845376,-0.003267814,-0.03022296,-0.4739698,-0.16362682,0.17115979,-0.30754623,-0.10144532,0.35315493,-0.19354892,-0.6124933,0.5180659,-1.4391397,0.020468764,-0.008893567,-0.17981851,0.8360356,0.53049517,0.0030485524,0.29231766,0.21877854,-0.55666184,0.09635347,-0.7509036,-1.2293481,-0.14744243,-0.9072313,-0.2957674,0.5697634
E-Commerce,0.22139992,1.3708305,0.2252338,-0.15059927,-0.86297303,0.02780673,1.4912214,-0.4786325,0.2854244,-1.2873464,1.0143675,-1.3683572,-0.04675205,-0.7991027,1.5217556,1.2576913,0.036514446,1.3505768,-0.36843112,0.5486704,-0.3152114,0.28111055,1.1992301,1.082811,-0.5504306,-1.0950719,0.7055206,-1.5221024,1.6320575,0.8667252,-0.1812067,1.0147662,-1.0921929,-0.2074949,1.0465304,1.0487103,-0.22100157,-0.47628254,-2.18449,-0.35121536,0.09502405,0.33336738,0.72794145,1.0608093
E. Lectoescritura,-0.80957615,-0.42279348,-0.8247527,-0.1251681,-0.19776163,0.00014255242,0.38275796,1.3038613,-0.4041066,1.1527507,-0.26873133,-0.23030207,-0.8781556,1.5682945,-0.014910284,0.81087685,0.03821143,0.25494283,-0.061825585,0.13094379,-0.3514742,-0.42742306,-0.36607814,0.09164494,0.39427158,0.5879386,-0.84713906,-1.0805179,0.60326755,-1.0554326,-0.2639804,0.22736967,-0.4570207,0.63455904,-0.36263853,0.21707739,-0.6112352,0.2129257,1.1341001,-0.6107165,-0.028514687,-0.90069956,-0.76364887,-0.31216508
Eco. Digital,0.9340797,1.0628177,1.8762958,-2.4983861,0.41703597,-1.0988679,0.26962718,0.06986554,-0.035591945,0.966433,-1.0430822,0.5316654,-0.358513,-1.1957451,0.65469927,1.900453,1.327962,-1.7359923,0.11958406,-0.21095324,1.0365782,0.31276867,1.529877,-0.46693987,-0.35932845,-0.6763485,-0.6044171,2.171322,-0.06418321,1.5026208,0.016789878,-0.047096282,1.4242262,-0.9466612,0.6111313,0.6917371,0.33435252,1.1463072,-1.6575462,0.6934109,-1.3081043,0.67130464,-0.27567202,0.16204084
Edu. Preescolar,0.31520402,0.3275511,-0.46523222,0.56381327,0.6600175,-0.9497601,0.2237149,0.99177814,-0.552795,0.79071546,-1.0063715,-0.901968,0.20160048,0.12827069,0.5380721,1.0428118,1.332485,-0.8779722,0.352323,-0.5122949,1.5278277,0.5001586,0.88499373,-1.217069,-0.841321,-1.1621369,0.71156275,0.8049617,-0.110543385,0.5915097,-0.0070746057,-0.88698256,0.36297402,-1.0783803,-0.24420774,1.1110947,0.8437376,0.11198374,0.48402447,-0.5888793,-0.39798304,1.0218537,0.022453923,-0.80482054
Edu. Primaria,1.8910016,0.1495097,-0.34019622,-0.8779573,-1.1488065,-0.45894757,-0.122660756,1.2496433,-2.4894426,1.183212,0.794389,-1.7055328,-0.48815575,0.015249386,1.407842,0.7807618,1.9931794,0.45951873,-0.33416474,0.4494287,0.32616025,-1.3462597,1.7474229,-0.7434814,0.4231711,-0.7923392,0.06213297,-0.85107243,-0.8692852,0.8163145,0.45753622,-0.6999236,0.71333516,-0.41542047,-0.9030521,0.8415195,0.50359744,0.33864063,1.1894197,-0.094061196,-1.8076516,-1.1448829,1.6646966,-1.1651347
Educacion,-0.56257224,-0.6180761,0.024412444,0.32313195,0.0058510723,-0.044197906,-0.5620926,-0.8964758,0.4071345,-0.2052366,0.02284133,1.1739776,-0.3891681,-0.12940502,-0.005034306,0.23319443,-0.23801082,-0.30036145,1.2392007,0.010728003,0.2075451,0.06293516,0.40306878,1.3022189,0.35696632,-0.26180443,-1.0936056,-0.81136423,-0.675342,-0.45239854,-0.3027903,0.028499411,0.19195925,0.6210772,0.12029519,0.26460582,0.7310164,0.28996876,0.097369924,-0.3396437,-1.1608394,-0.027526118,0.257277,-0.19962864
Efect. Cap. Hum.,1.6825604,1.8173182,0.16696429,-1.1929644,0.46830937,-1.2312471,0.59596753,-1.0928562,0.83751816,-0.6842058,0.07393348,-2.0354671,0.20742713,-1.5010315,0.22324322,0.5900086,0.53282684,1.0386959,1.0484463,-0.6463207,1.3561293,-0.774776,-0.09337816,-0.2657562,0.56652534,-0.517072,0.7358096,0.12950478,-0.3370052,1.2729672,1.4402974,0.09062086,1.048927,-0.3684632,0.53025556,1.3571261,-0.375204,0.4784791,-0.8527384,0.30224028,-0.9168548,0.6518809,1.6563368,-1.0710092
Est. Prac. Edu.,1.841148,2.0086675,-0.78247553,0.45033628,1.8121952,0.753304,-0.41897395,0.66879404,-0.7672305,-0.09543052,0.46064335,-1.0900084,0.7781241,-0.95293266,-0.20822412,1.748946,-0.40312272,0.9893214,1.9016767,-0.27215895,2.204846,-0.40317407,-0.08653763,-2.2269871,-1.8971629,0.3665271,1.6554638,0.11751418,-1.3502933,-0.27889743,0.24319662,-0.9117149,1.6563164,-0.5753015,-0.72386897,-1.2116914,-0.51392573,0.28737625,0.11602886,1.947888,0.20986424,0.46262226,-0.08567813,-1.2461371
Est. Temprana,0.58582145,1.1633854,-0.9017329,0.47467482,0.9789549,-1.4488031,-0.34658664,1.4017121,-0.8332268,2.2084675,-0.01933975,-0.4475476,0.6862774,-0.89871013,1.063457,0.16299884,0.8429193,0.58799565,1.55074,0.73222303,0.1660509,0.4567467,0.30007127,0.12735479,-1.3196062,-0.39954,0.72666126,1.1505218,0.10814367,1.3425092,-0.556824,-1.0397314,0.67180663,-0.13222635,-0.9506984,0.35775542,1.2875016,0.3954677,-0.37060246,-0.35001343,-1.6464667,0.64230406,1.485001,-0.8849989
Estrat. Comercial,0.60934055,1.756851,-1.5399246,1.1366353,1.3318977,2.4751499,-0.037421502,2.820442,-1.6909934,1.8403013,2.1019678,-0.66893244,-1.4876968,-0.118557625,-1.3649455,-0.79900384,-1.6399562,1.1952596,1.2609236,2.5606914,1.6668675,1.3233373,-0.49798697,-1.7335513,-0.28484228,0.43789253,0.15935309,-1.9064777,-2.3670533,2.2550812,2.9571755,-2.688218,0.82655543,0.53038365,-4.414369,-2.3710642,-0.19772317,-1.7852436,1.3017818,2.683226,3.2070541,2.1037111,2.2410862,0.9198518
Estrategia Tal. Hum.,-0.4015215,1.3096646,1.5283484,1.3169384,-0.24166253,1.1494325,-1.4715443,2.101258,-0.18276682,-0.34621805,0.25177908,1.6949115,-1.7479614,-0.75274235,-2.1390653,-1.5545727,-1.7443167,-0.75575405,1.5631475,1.3153607,-1.004263,1.5651313,0.507125,-1.3644279,0.022763457,0.7822092,1.0647583,-2.763358,-1.099158,-1.1022736,-1.3820407,-1.4794391,-0.78124094,1.8208392,-0.73958045,1.859223,0.7099674,-2.0935738,-1.6222864,0.79055,1.2739362,-0.5965961,-0.11213466,1.18787
Exp. Clin. Elec.,-0.94954205,-1.3094876,1.4003917,-1.3623114,-0.7866112,-0.8661571,2.6282072,-0.7169749,0.9913524,0.014168872,1.4826,1.0593245,-0.10006883,1.4769288,-1.46621,-0.3462355,-0.81117296,-1.0859717,-1.1347558,-0.5212678,-0.5509798,0.33689535,-1.8632634,0.22094066,0.34182063,0.92291397,-0.08386504,-0.561045,1.34827,0.5423079,-0.57213724,1.106927,-0.99514407,-0.5389356,1.9151732,1.3474914,-0.18676491,-0.120818235,0.55653304,-0.8756676,-0.4787865,-2.4180906,-1.2765925,-0.15533242
Fin. Corp. Avan.,0.476223,-0.109546356,1.7717601,-1.6001009,0.4107229,-1.6167805,0.71533066,-1.2524735,0.50681394,-0.90486354,0.35708386,-0.46255523,-0.66027045,-0.08776941,0.932321,0.057137806,0.43378815,-0.14504136,-0.24861832,0.14613952,-0.5248821,0.4391835,-0.060167283,0.1441819,-1.2193973,-0.21923272,0.27372333,0.85283107,1.4977912,0.73363316,0.05616707,1.0834074,-0.30200288,-0.20558095,0.9164989,-0.11360834,1.1600618,1.8036476,-0.48803034,-0.4616402,-0.23538348,0.35126358,0.026415464,1.1527303
Fintech,-0.66897786,-0.95509523,3.2625945,-1.6153933,-1.5614822,-0.23880722,1.5456203,0.23040117,0.36296976,-0.25190127,0.16753161,0.8971019,-0.630658,0.35871956,0.51795673,-0.91122353,-0.818243,1.3943591,-1.2910417,-0.34518462,0.9857744,0.35506818,-1.704134,-0.10554761,1.3188834,-0.617144,0.6894826,0.09208368,-0.7396745,0.5327649,-0.62887484,0.84422225,-0.27841794,-0.9481592,1.2623152,0.6075295,-1.2595364,-0.3374368,-0.30255282,-1.060872,0.70833385,-1.1661978,-0.60103637,-0.3713292
Gest. Esc.,-0.3463955,-0.6278164,0.32103178,0.30808467,0.2016799,0.3167739,0.4863345,1.5260117,-0.46612293,-0.45642424,-0.7489081,0.43193766,-0.22624554,0.9395694,-0.6099379,-0.2938192,0.11167128,-0.668556,0.27140155,-0.7565728,-0.19892855,-0.693687,-0.8013084,0.927867,1.2892429,0.46917105,0.2215125,-0.5596448,-0.41449225,0.28966844,-0.6506994,0.026993247,-1.2200087,1.1624607,-0.21541029,0.07924552,-0.4008005,1.2229521,0.8929169,0.2546609,-0.6450052,0.62961715,-0.5640488,-0.20616868
Gest. Tal.,0.56910336,0.84849894,1.1048399,-0.011413297,0.3083953,-0.25318632,-0.09572503,-0.95624673,0.5240168,0.13973624,1.4025648,-1.2521446,-1.8630886,-1.6208609,0.5774789,1.155202,-0.28982577,1.2401078,-0.057066612,0.9179229,1.1298666,0.8323709,1.1616867,-0.18388681,-1.9722395,-0.9163552,0.021313297,0.9865828,0.12790427,0.28942046,-0.3708098,-0.28915954,1.420027,-0.22158441,-0.39016423,-0.1775937,1.1476302,0.4753278,-1.090089,2.1519117,-0.32769775,1.2632707,0.9825568,0.89874786
Gob. Adm. P. E.,0.46985495,1.3024342,0.59717005,1.3172761,0.02792012,-0.98709524,0.7076334,0.14091782,0.27127117,0.4843117,0.36476475,-1.8304918,-0.51418537,-1.7369978,-0.43063852,-0.43091846,-0.74737805,0.7162639,-0.7703024,-0.5082852,-0.8259541,-1.1588534,-0.1311702,0.16352981,-0.5914767,-0.6079625,0.07205222,-0.021951301,-0.6912583,-0.16728981,-0.7376971,-0.96787715,-0.4466707,0.5303941,-0.2524257,-1.3314852,0.69610196,-1.7664028,0.2641548,1.2070447,0.054270573,0.80127716,-0.120047204,0.14575636
Hab. Geren.,-0.4297433,-0.17538399,0.20303957,0.10196597,1.019917,0.701653,-0.15565786,-0.42467767,0.84171927,1.3617686,1.9922509,0.034184847,-1.5290382,-0.6271003,1.1400199,-0.33485433,-1.3472954,-0.23105286,-0.8431007,0.3282295,-1.9353054,1.1046021,-0.91533154,-0.10264547,-0.67599875,-0.3937483,-0.40247688,-0.8280483,0.26273406,0.07551907,0.3639979,0.036151927,-0.016460221,1.6740341,0.19591367,-0.06984925,0.022676867,-0.7699665,0.487467,0.00017163157,0.47842306,1.2218852,1.3211428,2.0363007
Hist. Arte. Ant.,-1.1823918,-0.64337134,0.8022818,0.17376055,0.3837734,3.1897428,-0.35844684,1.1344186,-1.9317777,0.66926336,1.3949449,1.0751477,-1.8305575,2.0579762,-1.4614382,-3.4137952,-0.10991661,-0.85848737,-1.0197397,1.5553302,-1.6165955,4.677253,-2.2195687,0.37480068,1.819363,1.9939075,1.1140724,1.2019031,1.8085381,-0.8503663,0.1308023,1.2299129,-1.3585455,1.7109226,-0.96427864,-1.516157,0.1079955,-1.7902856,-0.3741341,-2.4358928,2.673036,-1.620481,-1.0204467,0.80794114
Hist. Arte. Clasico,0.42416292,1.1184428,0.974599,1.7550606,0.36497745,-0.87825584,-0.10499929,-0.58181447,0.060616568,0.070967756,-0.14660019,-0.5430941,0.35133052,-1.109355,0.9464817,0.6563771,-0.083652675,-0.22972947,0.42413837,-1.3098987,2.3223224,0.3840905,2.8289247,-0.7377296,-0.4521498,-0.50570697,0.1190095,-0.3748507,-0.9151373,1.1061757,0.2513363,-0.4658909,1.3008896,-1.259187,0.8850354,1.288803,0.2485368,1.5895414,0.23236479,-0.7438302,-1.6181638,-0.107509114,2.1044142,-0.41374552
Hist. Arte. Medieval,-0.061248705,0.41148046,1.0560377,-0.194305,0.15958713,-0.940429,-2.2886055,-1.2475805,0.49323574,-0.10703518,-0.67244816,-0.867311,1.0196754,-0.18000564,2.4928975,0.95161796,-0.47357705,2.2025516,-1.5018789,-0.51014584,-1.429958,-0.18789344,2.3917432,-0.03013641,-1.1462098,-0.9379473,0.93685114,-0.9371454,-0.58370197,1.8772043,-0.08074708,0.6819922,2.234839,-0.71029407,1.0709922,-0.028786773,-0.01802089,-0.08300668,0.5724314,0.74509275,-1.0694818,1.3200527,-0.038365893,-0.37837
I. A.,1.226153,-0.54383564,-1.3150762,-1.8012681,0.63022846,-0.94390535,-0.18503536,-1.5230733,0.3670971,-1.6801723,-1.1792231,-1.0907899,0.11922638,-0.38796654,0.8342165,0.98332304,1.6387161,1.8528091,0.63705105,-0.5223247,2.1143308,-0.21612638,2.5667193,-1.7760588,-0.6785925,-1.6543096,0.89901507,1.2098051,-0.6977815,-2.0031922,1.3680042,-0.44284022,1.6606278,-0.74069685,1.4790386,0.8440254,0.6230828,3.048291,0.62707394,0.6262465,-3.4422584,-0.38080817,0.7525322,0.22518803
Inc. Edu.,0.6462605,-1.2655952,-0.30951148,-0.31495783,0.22508304,-0.5110047,1.4506966,-0.7084862,-0.35279068,-0.5954236,-1.6267434,-0.60104585,-0.09947174,0.22202411,0.69469565,-0.251142,0.77906156,-0.12738183,1.4106635,-0.96218616,0.88859284,0.6672816,0.5491829,0.16162547,-0.4441317,-0.21242377,-0.54498833,0.2011694,-0.19054352,0.25897434,0.13305901,0.02270549,0.21421306,0.03606058,0.43358248,1.258889,0.15975033,0.24578416,1.0864396,-0.48539597,-0.53208876,-0.6139109,-0.3288316,-0.8395611
Inclusion Laboral,0.7655958,0.45700812,-0.27288362,-0.075041115,0.46762076,-1.5088483,-0.001059724,-0.6234437,-0.50982165,-0.3153899,-0.45083326,-0.29282886,1.0395314,-1.4095905,1.0831964,1.4425085,0.29209957,0.64680123,0.057320546,-1.5082217,0.85785776,-0.17980681,1.3471613,-0.79672766,0.20391029,-0.88964427,0.28825068,0.06133188,-0.73779076,1.7403152,1.2022271,0.15524374,0.8731434,-1.3648216,0.38988248,0.6030536,1.007918,1.2154465,-1.373798,1.2515719,0.20885907,0.8065958,-0.54744065,-1.081589
Inn. Diseno Edu.,0.41189864,0.53778714,-0.2934587,-0.67462736,-0.7649597,-1.7304766,0.87927854,-0.54127324,-0.2905998,-0.89493906,-0.7606023,0.5039189,1.8427584,-0.3752336,-0.68088895,0.16213706,0.86237323,1.1070048,-0.92535174,-1.1967843,0.2527499,1.7549577,1.3685606,0.4962942,-0.97548985,-0.9529495,-0.30735707,-0.55782646,0.5752931,-0.64507,-0.65634555,0.45785242,-0.2047516,-1.5076259,0.9387975,-0.019999105,1.1943868,-0.14958182,0.21248972,-1.7603574,0.27010486,-0.6950028,-0.39927226,-0.4558081
Inn. Negocios,-0.39020875,-0.31678522,-0.48410797,-0.5032637,-1.5504818,0.16408229,1.2541775,1.107683,-0.21280016,0.27881482,0.7037913,0.63979703,-0.8493597,0.43586102,-0.6107406,-0.17420278,-0.84508383,-1.2722205,-1.409574,-0.3565211,-1.6912576,0.57661706,-0.59273005,1.2745544,0.48314494,0.24357392,-0.3214969,-0.16555804,-0.014970282,-1.1568614,-1.117229,-0.5718051,-0.7816042,-2.2573836,1.365671,0.86881727,-0.42088005,-0.45477882,-1.8235646,0.11614616,0.9139619,-0.9302853,-0.7476762,-2.1773505
Inn. Tec. Edu.,-0.23710273,-1.3910253,-0.033592165,-0.11470502,1.548351,0.23324798,-0.75937396,-1.6766088,-0.69616216,-1.0853897,-0.5143086,0.8013728,0.7421015,-0.20355928,0.7868744,-0.2509232,-0.44362313,0.27611458,-0.22420058,-0.38695604,0.14505035,0.19044164,0.6770113,1.3983643,0.8369395,-0.034927044,-0.8789918,-0.0045608124,-0.45044523,-0.714511,-0.34378344,-0.074998505,0.296933,-0.04822401,-0.12928358,-0.26323774,-0.80298907,0.21703087,-0.3361618,-0.29595244,-1.7631893,0.02801043,-0.4180858,-0.7210565
Interv. Edu.,1.6821986,-0.35743344,-0.5421071,-1.7228973,-0.99290997,-1.834487,0.888993,-1.7176573,0.6092919,-1.1606833,-0.21632287,-1.1230836,-0.7434358,-0.24738708,1.657849,0.62514424,0.58338684,0.09577773,-1.7308621,-2.1385794,0.5704718,0.6363212,1.9839445,0.07631835,-1.4709227,-2.388992,1.6308964,-0.37149456,1.3402766,0.5803451,1.519073,-0.21675867,1.510376,-1.3451062,1.1746833,0.97921044,0.06949501,0.90793246,-0.22972803,-0.52542555,-0.29268745,-0.5034047,0.014259551,-0.03823954
Interv. Psicoped,1.2986147,0.07742737,0.13575006,-0.4778885,-0.18288688,-0.2326384,-0.17753163,-0.58846134,0.16148016,-0.69384456,-0.24589452,-0.5048298,-0.22524238,-0.6166832,0.3919148,0.068864755,-0.08128577,0.102420494,-0.3143204,-0.14465712,1.4447509,-0.7486725,1.2296122,-0.19610831,-0.25866973,-1.6868099,0.60033286,0.5839246,0.53215474,-0.047054924,-0.07617997,0.04948546,-0.2470248,-1.2603507,0.76804805,0.44741306,0.7636763,0.2411528,-0.3391605,-0.0047626127,-0.19378017,0.038700867,0.52534276,0.13087778
Intro. Fin,0.5022488,0.19654417,0.9836723,-0.89172125,1.0002297,0.15757498,0.059449352,-0.88060087,-0.35995993,-1.0691292,-0.24652363,-0.35795653,-0.5140527,-0.53406274,0.30770063,-1.0248789,-0.5881957,0.9255966,-1.159362,-0.26723683,0.25573,1.467006,-0.58040893,-0.20790532,0.3758269,0.21466826,0.5118639,0.12969106,0.7234726,0.27363938,-0.0818472,1.0625457,-0.41464645,0.31680503,0.47757876,-1.0624727,-0.41814286,0.26368338,-0.6892829,-0.47200313,-0.1573497,-0.30825335,-0.37530264,-0.9922144
Inv. Mercados,-1.9453939,-1.6720501,0.54675907,-1.2178445,0.80822766,0.16409013,2.4265585,0.22759873,-0.3917963,-0.5163145,0.3385165,-0.08481073,0.29088408,1.0240562,-0.8365292,-2.3559597,-0.94727826,0.35318902,-0.7491001,-0.18586351,-0.61367893,-0.6470339,-1.004387,1.0666656,2.316378,-0.26034138,-0.22230354,-1.3003682,0.5610209,0.46440572,-2.5428276,1.6427951,-2.3058965,-0.7589015,0.06947443,-0.55398923,0.08418635,0.6813205,-0.42210096,-0.9159544,0.5352946,-0.033075243,-2.009084,-0.72264403
Lider. Inst. Edu.,-0.033056412,0.2860783,0.115555435,-0.1934313,-1.4057586,-0.60660017,-0.24338867,-0.89733833,0.08982544,-0.88977635,0.8313502,-0.1932217,0.81595063,-0.9187197,-0.84030885,-0.15117168,0.3593263,0.6409688,-0.19045827,0.1195411,0.65952426,1.0967239,0.6683645,0.26913494,-0.045390166,-0.5708193,0.9989895,1.1370181,-0.094315365,-0.05734974,0.21869496,0.18943512,0.084357776,-0.5931167,-0.13165443,-0.5525877,1.4588306,1.8990213,-0.15513405,0.262541,-0.3619772,-0.3167866,-0.15686888,-0.5987172
Lit. Lat. S. XX,-1.3196204,0.025525123,-1.4307814,-0.76455986,-0.26177746,0.6099256,-2.634705,1.1178219,-0.3084268,0.24406528,-0.22614375,0.4849552,-1.8120849,2.145521,-1.9938396,-0.94472694,-0.6094932,-0.18336545,-1.0697708,-0.39065114,-0.48396716,1.0151331,-1.7791679,-1.2963364,0.3571749,2.537328,0.60046554,-0.5516115,1.4295356,-2.7923417,-1.8198209,-1.4503621,-2.1228755,1.2574319,-0.28321418,-0.4711183,0.6961106,-1.8569235,-2.5316942,-2.8971813,1.6648777,-1.6441088,-0.22546439,0.24331118
Marca Personal,-2.182008,1.888983,1.7074428,-1.8867579,0.08567737,0.6594142,1.3593993,-1.5289983,-0.84665084,-0.31644437,0.43893155,-0.26142192,-1.8422326,-0.2698965,2.1312788,-1.4856232,-0.27854928,0.62530196,-1.8167491,0.84919703,-1.0220975,0.16570187,-0.20550483,0.3468283,1.0534708,0.6646528,0.32206154,0.34750685,1.6914133,1.0469426,-0.13479078,0.035762724,0.21795666,-0.6945932,0.9934863,-0.2328178,0.19416952,0.99969447,-1.0255735,-0.396483,1.3649871,2.5790098,-1.127205,-1.0876224
Mercadotecnia,0.6187424,0.17492642,-0.68925285,-0.4362378,-0.24922732,0.4016944,-0.5663754,0.7049517,-1.2946115,-0.24522533,-0.47853273,0.201806,1.3817122,-0.077748306,-0.47639832,-0.8804605,0.06593717,-1.00167,-0.42629713,0.56402516,-0.6066731,0.11859881,-0.5490163,0.13534936,0.6688012,1.049857,1.394411,0.9358192,0.42654985,-0.0021511,-0.16413108,-0.38541135,-0.3454542,0.36007467,-0.18453854,-0.2916625,0.6347383,0.23625824,0.02783306,-0.4700908,0.4650171,-0.6600331,-0.080127746,-1.7066411
Mkt. Digital,-0.02222923,1.0678821,0.058499366,0.10958655,0.41829318,-0.3477757,-0.30468896,-0.14394796,-0.2686898,0.04827825,1.6277071,1.3880818,0.958939,-0.42524546,0.65758616,-0.4510245,0.6426729,-0.21465832,-0.9541906,0.58726,-0.21550511,-0.5773086,0.06946578,0.6619459,0.074247405,-0.09918901,0.812411,0.09889127,-1.414839,-0.8684017,-1.156716,-0.7256749,-0.2387286,-1.3790426,-0.0048744,-1.2559617,0.58463013,0.4697745,-0.40555346,0.5001086,0.9210235,1.5553592,0.48109877,0.40154904
Mkt. Farmaceutico,0.5319132,-1.3468512,-1.9077009,1.8817471,1.1981741,2.409341,-0.82876223,1.233778,-1.4271439,1.7610775,-0.31319323,-0.74869657,0.38859513,-0.20730451,-0.095831215,1.0325558,-0.80995923,-0.43808275,1.5022612,1.0777138,1.5720817,-0.6945482,0.586199,-0.3686025,1.218951,-0.89787644,-2.01126,-0.14215502,-1.9222488,-1.5233797,0.2183212,-2.14104,-0.18846738,1.1151233,-1.3308864,-0.15227516,0.13539319,0.18083571,2.0291061,0.745383,-0.06833595,1.9170928,0.67667496,-0.22084415
Mkt. Farmaceutico A.,2.886799,2.1051664,-0.364456,-2.6504698,0.84139067,-1.4426212,1.3386571,-0.27800512,-1.7667813,-1.3484502,0.6744698,-1.1713583,0.7102285,-1.2114857,1.5404198,0.49140742,-0.82501316,0.06585893,-0.50952685,-2.3898015,0.76973814,-0.065369226,1.7451291,-1.9101712,-1.0535097,-1.2051517,0.44623038,1.7506658,-0.43256634,1.5074698,2.357125,-1.4439644,1.4592867,-1.4528072,0.4860026,2.3560812,-0.3105415,1.7379162,0.092951626,0.58385664,-1.0817657,0.8502633,-1.0491943,-0.3880819
Monitores Esc.,1.7879648,1.0050678,-0.11937729,1.3072258,0.63728076,0.77211773,-0.8624162,-0.6290006,0.67325205,1.3269222,0.14089125,-1.1205212,0.52228165,-2.2164695,0.5740219,0.90245265,-0.42506117,0.14042172,1.0745171,-0.651948,0.4807686,-0.25161722,2.1780765,-1.3037654,-0.07473249,-2.483406,0.60119563,-0.593549,-0.41678816,0.2464526,0.06549853,-2.3913338,1.1444802,-0.9982338,-1.0245379,0.16018797,0.044355202,0.8452177,0.34021768,2.0162878,-0.60849535,0.5679224,1.2884881,0.7706868
Neg. Dig. Y Eco. C.,0.11642471,-0.97171974,1.5075376,-1.669092,-1.1113138,-0.29552457,-1.2068994,-1.3082298,0.43849057,-0.50879467,2.0348268,0.33847654,-1.1695184,0.72426516,-0.059090693,-0.557851,-0.21172187,-0.48298237,-1.1199315,-0.6345846,-2.001137,2.2033756,-1.077937,0.9504067,0.014334744,1.342691,1.890697,-0.73566437,1.7626561,-1.932395,0.51183844,0.8401038,-0.33713943,0.5931568,0.8678415,-0.90238863,0.30616814,0.1292765,-1.1522675,-1.4606748,2.1250832,-2.3759854,-0.95973104,1.213658
Neuromarketing,0.23769683,-0.08652804,0.588529,0.3186541,0.23273587,0.2936663,0.7146918,0.0008361223,-0.24763273,0.07812956,0.198927,0.45135945,-1.4128606,0.09963253,0.15250647,-0.5265019,0.16144086,-1.2670013,0.17790474,1.320343,0.10707681,-0.19296928,-0.56530017,1.5870483,0.38565746,0.9370408,0.12723248,-0.94058985,0.10345213,-0.45288777,-0.10203935,-0.14116804,-0.14561433,0.04624495,0.044581033,-0.25892168,0.64161104,0.4154471,0.9847749,-0.3437302,-0.2245087,0.5120093,-0.7056022,0.4131158
Obesidad. Inf.,0.69269913,0.15005733,-0.6988881,0.10677232,0.7885714,-0.17202017,-0.4005859,-0.13719262,0.9874937,-1.4768858,-0.31883842,-0.55779105,1.0567935,-0.44970426,0.021029864,0.14397717,-0.12708628,-0.26432192,0.008793471,-0.120129816,-0.391322,-0.47734362,-1.1497092,-0.3204696,1.1963629,0.8681897,1.6407336,0.014181738,0.056819946,-0.77679896,0.08336853,0.04027923,0.6830222,0.12774184,0.14023218,-0.06744615,0.5516884,0.5042396,-0.10262348,0.7405479,-0.048387926,-1.8767782,0.6963846,-0.37812164
Oren. Edu. Fam,-0.35059336,-0.6476009,1.2911447,-2.4052598,-0.27424887,-0.7508746,1.1347286,-3.478158,0.7547786,-0.8881492,-0.51597375,-0.34034163,0.21509829,-2.2035973,-0.5357139,-0.9095624,0.4611425,0.17729038,-0.40002432,-1.4135576,0.8833254,-0.72160006,0.6270403,0.6737088,-1.881911,-0.5518705,0.39096066,-0.48755935,-0.01170643,-1.0751885,1.1994876,0.20934771,-0.20458819,-0.70884097,2.1379955,1.1009009,0.2901719,2.3460107,0.86775696,0.080168016,-0.35102594,-1.5920691,0.87799376,0.5929537
P. Aux. Psic.,-0.73739713,-0.48775125,0.7249931,0.03170275,-0.34201252,-0.1629834,1.6149921,1.360647,-0.64277506,-0.16465382,1.1755579,0.91370255,-0.03399675,0.53201914,0.7648037,-0.69596213,-0.59033626,0.36432284,-0.7007898,0.8704012,-1.5441957,-0.787066,-0.264134,0.81213653,-0.09595424,0.32415342,0.29019454,-1.4006248,0.5026293,-0.9632455,-0.86371315,0.14953531,-0.80570614,-0.86120945,-1.0265775,-0.33584875,-1.6587033,-0.6197603,1.0781463,0.0052068494,0.9833695,-0.49672002,-1.4293753,-0.45948339
Planeacion Estrat.,-0.9751516,-0.49268332,0.43945757,0.3813552,0.35075006,0.81710917,-0.80608916,0.09634881,-0.52775383,0.57821393,-1.0371302,0.20676947,-0.9146551,-0.17130291,-1.0080512,-0.72347647,0.45425463,0.42597196,-0.1132538,1.1079109,-0.38098794,-1.5407101,-0.2104883,-0.12061036,-0.19691305,-0.02320708,-0.23549908,1.4655167,0.15749827,-0.6967386,-1.2316705,0.060572535,-0.52165973,-0.9437952,-0.46380612,-1.1395941,0.5425921,-0.7659145,1.8186755,-0.4436858,-0.43020266,-1.7853446,-0.842425,-0.51389694
Precios Transf.,2.6034143,2.022519,-0.53691185,1.8622428,0.040295098,0.009272497,-1.8234684,1.4657713,-0.09863552,1.1940359,1.4764359,-1.4168519,0.22169514,-2.210669,1.4549664,-0.18267578,-0.5112361,0.5187884,1.5941306,0.028441409,-0.077218026,0.19581157,2.7791507,0.17357054,-1.6479261,-2.4957702,0.02807739,0.8860833,-1.9670542,0.4418136,0.48280385,-2.2564034,1.3843861,-0.10713467,-1.3095062,0.92945015,0.2535478,-0.17033556,0.39861327,1.1572355,-0.09460408,1.908551,0.29234046,1.4971461
Prin. Fiscales,0.92892677,-1.2802134,2.8123076,-2.8536959,-1.3587326,2.585859,-0.38053602,-0.27031466,-1.0764177,-0.7698527,1.6807929,0.4827134,1.0827388,0.012640313,1.4427345,-1.3198514,-1.208064,1.8986338,-0.760265,1.5483125,-1.581187,2.7285917,-1.3798972,0.70098823,1.674005,1.8710573,0.98537105,0.33268747,2.1495597,-0.8461028,-1.411937,2.2687216,-1.0058272,1.1645274,2.4366126,-1.7274563,0.49109447,-1.2324668,-3.1903098,-2.537257,2.446981,-0.996902,-1.041971,0.09001535
Prof. Deportiva.,-0.3767003,-0.9981074,-1.6491176,0.21466231,-0.32620874,0.6178371,-0.7924892,0.46827567,-0.8058583,0.04053346,0.27759928,0.15895133,1.0516192,1.4352782,-1.691779,-1.1059726,-0.4601052,0.7684504,-0.4023579,0.25767124,-0.6767675,0.90060073,-0.4631472,1.1194851,0.055589736,1.2145005,0.54413474,-0.36654457,0.49243838,-0.7327418,-0.49876565,-0.59061366,-1.0299234,1.6432263,0.8987323,-0.2522227,-1.6827855,0.11024007,1.1610016,-0.249617,0.41099274,0.15471618,-1.3982502,1.4003286
Prog. Neuroling.,1.6432161,0.9623326,-0.615408,0.8839813,-0.17237951,-2.4103649,-0.8398678,-1.7199647,-1.045245,-0.69578975,-0.6554115,-0.6226925,0.32632712,-0.71722764,0.4611109,0.024693541,1.2243538,0.8455643,-0.52289504,-0.85601634,1.1189489,-0.041348487,0.18454139,-0.29509103,-1.6735533,-0.65403086,1.3577379,0.2845682,0.08971444,-0.32401648,0.48430544,0.16672903,1.6842158,-1.1024663,-0.90367395,0.90204453,0.57073474,1.5810293,0.34222522,0.8686255,-2.6385376,1.9858234,1.7034178,0.094946526
Programacion de Apps,-0.35999957,0.2823042,0.3685121,1.5417507,-0.7691327,0.6431917,-1.1745188,1.1218022,0.34870905,2.0451138,0.39698744,0.21648987,0.5454389,0.06471276,0.21865438,-2.350012,-0.9414794,-1.2255937,-0.7146677,0.8529172,-2.6217637,1.1181283,-1.8144919,0.06981319,1.3394921,-0.28587517,0.055139907,1.2059534,0.28402317,-0.85550857,-1.0549145,0.21583821,-1.0354658,1.0365057,-1.6921177,-1.7840469,-1.354744,-0.14893143,2.2461517,-0.7156151,0.97465223,-1.7637086,0.6515747,-0.80630296
Prot. Datos. P,1.7141759,-0.06592596,2.1516945,-1.8408554,-0.3794442,0.3117528,1.0935446,-1.1197308,-1.0502284,-0.73675126,-0.22033934,0.43576857,-0.63351905,0.07286229,2.2477248,0.5448125,0.22060943,1.1969023,-2.8262398,-1.9294599,1.2586946,-0.83030725,0.655382,0.8497138,-0.1086889,0.70843476,1.0251174,-0.028492905,1.2045679,-0.24281844,0.10354288,1.8607336,-0.99949825,-0.6246704,1.9044505,-0.68772423,2.0537589,0.52755845,0.036380433,-1.5647476,1.7555263,1.2665671,-0.92810005,-0.4134186
Psicopat. Adol.,0.14590137,1.6945122,-0.18350554,-0.5440938,0.5261681,0.19613245,0.9808444,-0.9621542,-0.75232774,-1.1700068,-0.86152166,-0.6081227,-0.7439898,0.0070953513,0.37552506,0.8417817,0.28474718,-0.5399291,-0.8144433,-2.6899781,0.5150508,0.51062566,-0.2745692,-0.6795663,-0.46387494,-0.030403573,1.316441,0.34737688,0.92807996,0.41908646,-0.8251296,0.16622442,-1.0451888,-1.049286,2.2570887,0.9029432,-2.1025875,0.20943958,-0.30368954,0.11086189,0.12304355,0.6746547,0.90174294,-0.09613485
Psicoped. Escolar,0.36607215,-0.2741563,-1.0864574,1.2846967,-0.7279952,1.0838351,-0.84055746,2.1067874,-0.75291,0.38521507,-0.05629414,0.35455066,0.24849759,-0.29764444,-1.4355532,1.0363367,0.00064123655,0.38576993,1.0356587,0.6658715,-0.3526928,-0.3127414,-0.023813905,2.3340063,0.12313511,0.8958467,-1.907684,-1.2104636,-0.18036766,-0.37119848,0.5633633,-2.1198356,1.9898913,1.9759215,-1.4178983,0.30979118,-0.78060085,-0.33503652,0.041911222,0.67847425,0.10463151,1.1318804,-0.53572714,0.38489234
Transf. Globales,-0.08320193,0.36043784,-0.2508979,1.2634288,-0.5696929,0.31706643,-0.40872654,0.18053871,0.2626112,-0.43816307,-1.2980564,-0.62491864,-0.21687141,-0.28811058,0.34565595,0.80611366,0.8713941,1.9951817,2.2428863,-1.2281318,1.3907605,-0.569239,1.9458053,-1.5304215,-2.5194209,-1.101583,-1.0156132,1.0196626,-1.0784851,-0.5310528,-0.37804097,-0.49784878,1.406116,0.32921672,-0.386972,1.1811163,-1.3089942,0.57727075,1.7039279,-0.2947232,-1.5853721,0.09516892,2.2304208,-0.70716524
Trastornos Alimen.,0.16821486,-0.024578705,-0.16795531,0.9371942,0.8208348,-0.5322988,0.16054012,-0.47414878,-1.0237187,-1.507029,1.1083287,-1.1076888,0.22447613,-1.7260522,0.75268424,0.7391606,1.1751075,1.5839419,0.6389943,-0.78031707,1.3210071,-0.85011816,-0.3437204,-1.9147246,-1.0537369,-0.54658765,-0.327573,0.009535434,-0.44453064,-0.15279531,0.74140996,-0.7991145,-0.27767003,-0.13895872,0.46882632,0.54741764,-0.024310617,0.70479983,0.0586913,-0.9797495,-0.8226127,-0.24302223,0.03177587,-1.3153859
Ventas Estrat.,-0.5182023,0.028912507,-0.73545974,0.22986263,0.46518806,-0.18287034,0.8253928,-0.21236335,0.8519665,-1.0248573,-0.36003432,-0.12105349,-0.48463333,0.035756685,0.3700847,0.47589028,0.13146833,0.29736713,0.7104407,-0.40043738,0.5959408,-1.3234004,-0.40144116,0.05492797,0.011097439,-0.0033468,-0.62108535,0.024486843,0.27876627,-0.49417794,-1.0238706,-0.06929885,-0.58967143,0.6198964,0.5609447,-0.55123615,-0.0449896,0.7978141,1.2128408,-0.627057,-0.5946269,-1.124569,-0.23480114,-1.3261807
